Email,JobTitle
allenmelissa@king-gray.com,Computer Systems Administrator
makayla81@dean-bailey.com,Editor
vsanchez@yahoo.com,Food Scientist
shannon38@hotmail.com,Electrician
julie99@james-delgado.com,Carpenter
patrickcurry@lopez.org,Recreation & Fitness Worker
scottthompson@yahoo.com,Art Director
schroederallison@hotmail.com,Recreation & Fitness Worker
kathleenparks@gmail.com,Accountant
ygonzalez@white.com,Painter
wilsonchristopher@stone-smith.com,Editor
steeleelizabeth@yahoo.com,Human Resources Assistant
krystallopez@gmail.com,Marriage & Family Therapist
lovejeffrey@hotmail.com,Electrical Engineer
rmoore@cooper-kemp.com,Art Director
singletonpamela@hotmail.com,Anthropologist
qwong@huber.biz,Medical Assistant
dannycole@hotmail.com,Carpenter
davidhowell@gmail.com,Marketing Manager
andrew72@hotmail.com,Computer Hardware Engineer
lindsay00@dixon.org,Chemist
joseph83@riley-flowers.com,School Counselor
davisbrian@hotmail.com,Veterinarian
nicholsonronald@jackson.biz,Dental Hygienist
wrightamy@yahoo.com,Photographer
mcdonaldtina@anderson.com,Dancer
allisoncarter@gmail.com,Recreational Therapist
dawn26@gmail.com,Loan Officer
mercerkristie@gmail.com,Lawyer
clarkmichele@delacruz.com,Market Research Analyst
nathanielherring@hotmail.com,Mathematician
robert83@hotmail.com,Preschool Teacher
lowejacqueline@walsh.org,Middle School Teacher
debbie45@hotmail.com,Editor
roblesautumn@gmail.com,Editor
arthurberg@keller.org,Housekeeper
bflores@ochoa.com,Photographer
sanderscindy@hotmail.com,Food Scientist
rachel71@hotmail.com,Judge
jonathan29@gmail.com,Childcare worker
dflowers@strong.biz,Security Guard
parkrebekah@thomas-smith.net,Chef
christopherwhitney@hotmail.com,Referee
galvarado@kane.biz,Systems Analyst
christopher65@gmail.com,Sports Coach
julie85@schaefer.info,Urban Planner
melody83@hotmail.com,Desktop publisher
aliciatodd@mcgee-booth.com,Massage Therapist
paul72@ramos-robinson.com,Artist
mmays@sandoval.org,Paramedic
noah98@taylor-odonnell.com,Educator
reeddaniel@robertson.biz,Logistician
cherrybrandon@davis-hill.org,Financial Advisor
petersdevin@williams.com,Marriage & Family Therapist
qsharp@hotmail.com,Automotive mechanic
dean86@garcia-miller.com,Desktop publisher
christophertyler@mccall-ellis.biz,Public Relations Specialist
howardjennifer@harper.biz,Paralegal
jmartinez@hotmail.com,Database administrator
hallpaul@gmail.com,Mechanical Engineer
ilopez@lozano.com,Construction Manager
buckmichael@hotmail.com,Marriage & Family Therapist
joenoble@gmail.com,Patrol Officer
brandon18@stokes.info,Automotive mechanic
kklein@hotmail.com,Mechanical Engineer
afuentes@hotmail.com,Electrician
zrocha@hotmail.com,Recreation & Fitness Worker
yrobinson@lee.com,Zoologist
matthew87@hotmail.com,Budget analyst
joshuagarcia@yahoo.com,Mason
rodriguezcarol@hotmail.com,Dental Hygienist
jill79@conner-caldwell.org,Pharmacist
kryan@yahoo.com,Maintenance & Repair Worker
kristenbuck@hotmail.com,Landscaper & Groundskeeper
fsilva@allison.com,Systems Analyst
watsonjessica@parks.com,Farmer
nelsonwalter@wells.biz,College Professor
kristi49@nelson-rodriguez.biz,Painter
stephen52@hotmail.com,Urban Planner
dhardy@smith-harper.net,Farmer
aliciafoster@yahoo.com,Clinical Laboratory Technician
monica53@johnson.com,Dentist
pharris@yahoo.com,Human Resources Assistant
ricepaula@hotmail.com,Substance Abuse Counselor
jessicascott@hotmail.com,Public Relations Specialist
jeffrey99@hotmail.com,Compliance Officer
iwolfe@gmail.com,Zoologist
gary97@armstrong.com,Physical Therapist
ryanjames@yahoo.com,Accountant
hannah38@yahoo.com,Clinical Laboratory Technician
christopherrios@yahoo.com,Computer Systems Analyst
reeddiane@foster.com,Actuary
palmermary@zamora.info,Accountant
anthony24@yahoo.com,Elementary School Teacher
sean35@avila-nguyen.com,Computer Support Specialist
wfrazier@gmail.com,Substance Abuse Counselor
moralesbryan@brown.com,Chemist
jermaine57@stewart.org,Radiologic Technologist
xwilson@gmail.com,Plumber
brownnatasha@hotmail.com,Financial Advisor
ashley91@gmail.com,Diagnostic Medical Sonographer
erin49@gmail.com,Judge
amandahardin@yahoo.com,Bookkeeping clerk
sara17@johnson.com,Logistician
robertandrews@yahoo.com,Referee
clarson@gmail.com,Medical Assistant
joshua10@brennan.com,Microbiologist
zgonzales@huang-pearson.com,Farmer
troyowens@gmail.com,Editor
marie02@hotmail.com,Farmer
wardjonathan@padilla.com,Photographer
kwilson@moss.com,Clinical Laboratory Technician
xabbott@clarke.com,Secretary
jonathan37@kelley-peters.com,Executive Assistant
vaughansusan@walters-conway.net,Physician
laura52@yahoo.com,Maintenance & Repair Worker
christopherthompson@myers-flores.biz,Lawyer
katherine04@gmail.com,Painter
eugenefleming@fitzpatrick.com,Lawyer
davisalexander@yahoo.com,Farmer
stewarttimothy@hotmail.com,Artist
phillipswilliam@thomas-parker.com,Actor
charles50@yahoo.com,Cashier
montoyaashley@mejia.com,Substance Abuse Counselor
richardhenson@perez.info,Mathematician
curryalexander@evans.info,Executive Assistant
sarahbooth@morrison.org,Diagnostic Medical Sonographer
nmedina@hall-summers.biz,Receptionist
francisjessica@hotmail.com,Patrol Officer
jkeith@hotmail.com,Mathematician
milesryan@morris.info,Financial Advisor
christine04@hotmail.com,Computer Systems Analyst
posborn@hotmail.com,Computer Systems Administrator
davidcruz@yahoo.com,Systems Analyst
devin50@anderson-marks.org,Secretary
john71@doyle.com,Teacher Assistant
ldiaz@hotmail.com,Chef
rosemark@gmail.com,Photographer
stevenflores@yahoo.com,Security Guard
qduran@fletcher.com,Economist
dwilson@perez.info,Anthropologist
williamsjeremiah@hotmail.com,Database administrator
powellmatthew@taylor.com,Professional athlete
robertbaker@woods.com,Electrical Engineer
dhicks@hotmail.com,Drafter
vhall@harris.org,Occupational Therapist
gwilliams@mccormick.com,Artist
erica00@hotmail.com,Construction Manager
regina08@kane.com,Environmental scientist
travislaura@sutton.com,Insurance Agent
hannah16@gmail.com,Drafter
hdean@kelly-snyder.biz,Medical Assistant
stacey37@berger.info,Reporter
wilsonchristina@yahoo.com,IT Manager
tricia13@gmail.com,Desktop publisher
wchambers@gordon-sanders.org,Librarian
mcculloughgabrielle@yahoo.com,Middle School Teacher
rgarrison@hotmail.com,Interpreter & Translator
christiancantu@bentley-osborne.org,Computer Systems Administrator
oliviaadams@yahoo.com,Automotive mechanic
zgraham@gibson.biz,Anthropologist
petersonsamantha@brown.com,Computer Programmer
duranmichael@leonard-moran.info,Designer
mark96@price.info,Psychologist
david05@gmail.com,Paramedic
jaime64@clarke.net,Telemarketer
gillespiemark@hotmail.com,Environmental scientist
gaykaren@collins-peterson.com,Lawyer
cnewton@hotmail.com,Executive Assistant
timothynovak@hotmail.com,HR Specialist
eallen@hotmail.com,School Psychologist
ssanders@morris.info,Executive Assistant
laurie74@green.com,School Counselor
daviskrista@gmail.com,Paralegal
amy85@hotmail.com,Educator
joshua61@ponce-sullivan.com,Patrol Officer
amy97@gmail.com,Financial Advisor
cheryl03@gmail.com,Receptionist
joneschristina@hotmail.com,Secretary
petersenevelyn@estrada.biz,Housekeeper
robert65@castillo-cabrera.biz,Landscaper & Groundskeeper
christine58@wilson.com,Civil Engineer
tammy08@hotmail.com,Mason
iclark@love.com,Middle School Teacher
amanda47@peterson.com,Medical Secretary
rebecca02@yahoo.com,Bus Driver
kenneth71@mckenzie-green.com,School Psychologist
andreacalhoun@reilly.org,Janitor
aliciahicks@gmail.com,Educator
jameswaters@gmail.com,Physical Therapist
fwolf@yahoo.com,Sports Coach
moorecheyenne@lopez.biz,Landscape Architect
christopher09@yahoo.com,Veterinarian
shelly50@hotmail.com,Landscape Architect
harveybryan@rodgers.com,Insurance Agent
qlane@gmail.com,Paralegal
haydensoto@hotmail.com,Art Director
vayala@gmail.com,Architect
erikabrown@gmail.com,Police Officer
jaimemcdonald@mcmillan.org,Secretary
jonathanshepherd@lowe-johnson.com,Plumber
phernandez@lee.com,High School Teacher
goodmancourtney@hotmail.com,Respiratory Therapist
joshuarowland@hotmail.com,Landscape Architect
philipfreeman@yahoo.com,Librarian
kphelps@warren.info,Musician
lynchrebecca@lowe.org,Sports Coach
heatherpowell@hall.org,Substance Abuse Counselor
sguzman@hotmail.com,Police Officer
oscarcampbell@cooper.net,Computer Systems Analyst
codynelson@hotmail.com,Farmer
nelsonsteven@arnold.com,Medical Assistant
greentiffany@hotmail.com,Physical Therapist
nwilliams@smith.com,Occupational Therapist
kayla91@chen-monroe.com,Web Developer
walshmelanie@chavez.biz,Middle School Teacher
llee@hotmail.com,Drafter
lisa90@morris.com,Database administrator
brandonwilliams@gmail.com,Professional athlete
codyconley@allen.com,Social Worker
meltoncassandra@shaffer-lam.com,Referee
kwalsh@castro.org,HR Specialist
zoneal@yahoo.com,Interpreter & Translator
markshepherd@patton.com,Market Research Analyst
kevin35@gmail.com,Coach
lynchjacqueline@wagner-tate.com,Environmental scientist
catherine24@hotmail.com,Mechanical Engineer
petersonerin@davidson.net,Desktop publisher
masseyangela@gmail.com,Surveyor
lynchbrittany@higgins-flores.com,Childcare worker
timothyavila@hotmail.com,Executive Assistant
matthew43@yahoo.com,Interpreter & Translator
fmckinney@white-nelson.org,Mason
djohnson@burns-allison.com,Statistician
jamesvasquez@hotmail.com,HR Specialist
tjuarez@gmail.com,Architect
lisa52@yahoo.com,Diagnostic Medical Sonographer
qandrews@hotmail.com,Event Planner
fosterjohn@hotmail.com,Janitor
jasonanderson@roberts.org,Accountant
charlesjackson@hotmail.com,Food Scientist
katrina10@lucas.com,Zoologist
jacksherman@hotmail.com,Registered Nurse
melissa64@yahoo.com,Mathematician
marciawilson@fox.com,Physician
mcintoshalice@french.biz,Food Scientist
ssmith@gmail.com,Database administrator
perickson@bell-lynch.net,High School Teacher
kevinlewis@yahoo.com,Substance Abuse Counselor
paceian@king-ryan.com,Paralegal
valenciapaul@gmail.com,Professional athlete
dsanders@gmail.com,Farmer
micheal92@yahoo.com,HR Specialist
parkerkatie@yahoo.com,Childcare worker
jrodriguez@yahoo.com,Environmental scientist
zgarner@sanchez-rodriguez.com,Economist
sean87@hotmail.com,Receptionist
steven20@gmail.com,Financial Advisor
robinsonkelly@patton-hoffman.info,Drafter
iford@gmail.com,Customer Service Representative
wgarner@yahoo.com,Architect
maria38@hotmail.com,HR Specialist
pamelawilliams@gmail.com,Personal Care Aide
zlyons@nguyen-lopez.net,Historian
doylejessica@hotmail.com,Human Resources Assistant
andrew55@smith.com,Interpreter & Translator
williamsjill@gmail.com,Photographer
jennifer93@yahoo.com,Web Developer
vrivera@knight.org,Respiratory Therapist
lewisrichard@fuller-montes.info,Computer Programmer
gdrake@mitchell-perez.net,Respiratory Therapist
lewisxavier@hotmail.com,School Psychologist
andrew18@arnold.info,Mathematician
melindahoward@gmail.com,Artist
katiesantana@griffith.com,Insurance Agent
annettelynch@gmail.com,Dentist
sarahmiller@hill-rivers.info,Carpenter
smithmichael@miller-newman.net,High School Teacher
fwhite@long.com,Food Scientist
mitchelldustin@austin.com,Accountant
daymorgan@diaz.com,College Professor
jburke@gmail.com,Urban Planner
ramirezchristine@gmail.com,Dancer
nicole18@gmail.com,Cost Estimator
tammy02@gmail.com,Farmer
timothylandry@bowman.info,Maintenance & Repair Worker
michele30@yahoo.com,Personal Care Aide
wilcoxlinda@reynolds.org,Computer Programmer
reidalexander@gonzales.com,Web Developer
vcarter@scott.com,Cashier
jstevens@gmail.com,School Psychologist
jburgess@hotmail.com,Interpreter & Translator
martingeorge@hotmail.com,Public Relations Specialist
fcolon@sanchez.info,Housekeeper
acampbell@webb-moore.org,Photographer
christina35@glover-carrillo.com,Photographer
amandaweiss@gmail.com,Diagnostic Medical Sonographer
tiffanyreyes@yahoo.com,Database administrator
cookricardo@gmail.com,Diagnostic Medical Sonographer
jacksontimothy@yahoo.com,Elementary School Teacher
bphillips@wright-gonzales.com,Urban Planner
elizabethhernandez@lowe-scott.info,Reporter
gutierrezthomas@gmail.com,Zoologist
saustin@mcintosh-ford.org,Speech-Language Pathologist
ggalloway@hotmail.com,Financial Advisor
csmith@wise.com,Massage Therapist
beverlymyers@yahoo.com,Writer
brownkathy@sanchez-moran.com,Designer
fbrown@yahoo.com,Mechanical Engineer
davidbrown@banks.com,Zoologist
veronicaavila@thomas-myers.com,Computer Programmer
rodriguezmichael@gmail.com,Substance Abuse Counselor
edwinpeck@hotmail.com,Clinical Laboratory Technician
angelasmith@compton-davis.com,Electrician
vcole@hotmail.com,Farmer
kimberlywells@carroll-martin.com,Interpreter & Translator
ikelley@yahoo.com,Recreational Therapist
vlyons@hotmail.com,College Professor
owilliams@schwartz-brown.com,Systems Analyst
jeff36@gmail.com,Photographer
jenniferlewis@cunningham.com,Writer
browncolleen@yahoo.com,Bookkeeping clerk
charlesbrown@hall.com,Historian
murphyallison@yahoo.com,Painter
heatherhall@hotmail.com,Electrical Engineer
aaroncummings@gmail.com,Chemist
lhayes@yahoo.com,Patrol Officer
dawnbooker@harris.com,Social Worker
halexander@lopez-todd.com,School Psychologist
hernandezlisa@gmail.com,Chef
smithdaniel@johnston.info,Electrician
freemankathleen@hansen-hall.com,Judge
sreyes@gmail.com,Bus Driver
alexis76@yahoo.com,Database administrator
ginahumphrey@willis-sims.net,Landscaper & Groundskeeper
youngfranklin@gmail.com,Interpreter & Translator
rebeccahernandez@hotmail.com,Occupational Therapist
andersonsummer@joseph.com,Judge
zcampbell@gmail.com,Desktop publisher
weberjames@hotmail.com,Substance Abuse Counselor
kingtiffany@hotmail.com,Plumber
parkerjessica@curry.com,Interpreter & Translator
ericgaines@yahoo.com,Recreation & Fitness Worker
huntershirley@hotmail.com,Carpenter
poolehaley@frederick.com,Urban Planner
claytonmelinda@scott-holden.info,Food Scientist
kbrown@hotmail.com,Statistician
rachaelkennedy@west.info,Carpenter
porterbecky@martinez.info,Occupational Therapist
chad63@perkins.com,Marriage & Family Therapist
mcarlson@richmond-mills.com,Desktop publisher
susanortiz@gibson.com,Preschool Teacher
newmanchristina@hudson.com,Substance Abuse Counselor
josephpotter@williams.com,Court Reporter
jennifermarsh@christensen.com,Massage Therapist
nancy39@watkins-ramirez.net,Computer Programmer
elijah33@medina-larson.com,Zoologist
zhall@gmail.com,Coach
jsalas@martinez-hudson.com,Landscape Architect
michael42@scott.com,Electrical Engineer
nicholemorton@gibbs.com,Computer Hardware Engineer
coopermargaret@gmail.com,Interpreter & Translator
edavis@mcguire.biz,Medical Assistant
estradacarol@hotmail.com,Environmental scientist
anthonymiller@johnson.com,Marketing Manager
zachary47@gmail.com,Court Reporter
dennischapman@flowers.com,Historian
simsjeremiah@gmail.com,IT Manager
floresjessica@yahoo.com,Architect
shawnmoore@fuentes.com,Food Scientist
weaversarah@hotmail.com,Logistician
pthompson@hotmail.com,Anthropologist
ashleyhill@gmail.com,Registered Nurse
jordansusan@hotmail.com,Anthropologist
srodriguez@hotmail.com,Firefighter
gutierrezmatthew@hotmail.com,School Counselor
bensonrebecca@yahoo.com,Telemarketer
jamesmcmillan@miller.org,Electrical Engineer
barbara02@gmail.com,Truck Driver
dukejesse@hotmail.com,Auto Mechanic
wrightamy@cole.com,Preschool Teacher
kimberly94@rowe.net,Diagnostic Medical Sonographer
jennifer12@yu-thomas.biz,Dentist
fishergregory@blankenship-mccarty.com,Cashier
rachelturner@buchanan-marshall.com,Occupational Therapist
nancy03@hotmail.com,Painter
linda63@barry.com,Software Developer
hendersoncharles@yahoo.com,Sports Coach
cooperlouis@hotmail.com,Chef
zcarpenter@yahoo.com,Personal Care Aide
patrickwaller@pena.info,Loan Officer
pattersonadam@gmail.com,Medical Secretary
flynnbrandon@hotmail.com,School Psychologist
erichall@hotmail.com,Actuary
veronica74@lee.org,Painter
simpsontonya@livingston.com,Landscaper & Groundskeeper
jenkinsnatalie@hotmail.com,Construction Manager
brian15@roberson.com,Writer
jamesgonzales@cochran.com,Massage Therapist
spencerleslie@navarro.net,Software Developer
michael62@moore.biz,Referee
terri90@hotmail.com,Dancer
rbowman@yahoo.com,Librarian
morgan47@torres-cook.com,Security Guard
wtucker@trevino.com,Elementary School Teacher
tuckerjane@suarez.com,Art Director
smithbenjamin@gmail.com,Loan Officer
leroysalas@hotmail.com,Bus Driver
fisherdakota@hall.com,Physician
yhamilton@vaughn.com,Medical Assistant
james11@gmail.com,Painter
sharpkim@payne-carter.com,Elementary School Teacher
djohnson@yahoo.com,Elementary School Teacher
boylelisa@gmail.com,Dancer
bkennedy@gmail.com,Desktop publisher
ashleywilliams@larson.com,Civil Engineer
icannon@cooper-hall.info,Art Director
charles49@gmail.com,Firefighter
john28@hobbs-murray.com,Human Resources Assistant
ubailey@garcia.com,Carpenter
jasonjensen@golden.com,Chemist
jessica15@yahoo.com,Insurance Agent
simpsonjennifer@dougherty.info,Physician
zschneider@davis.com,Police Officer
gdrake@gibson.org,Speech-Language Pathologist
adamstimothy@gmail.com,Epidemiologist
carrhayley@robinson-sweeney.net,Police Officer
pettybrandi@yahoo.com,Statistician
ashley31@yahoo.com,Anthropologist
csmith@yahoo.com,Electrician
jenningsmaria@myers.com,Plumber
jwillis@bonilla.com,Mechanical Engineer
samuelharris@hotmail.com,Hairdresser
melissa21@gmail.com,Secretary
madison35@yahoo.com,Compliance Officer
mcneilkevin@brown.com,Human Resources Assistant
katieyoung@gmail.com,Teacher Assistant
esmith@gmail.com,Food Scientist
teresa83@yahoo.com,Librarian
christopher98@hotmail.com,Professional athlete
jacksonamber@hotmail.com,HR Specialist
gregory46@gmail.com,Diagnostic Medical Sonographer
rebeccamiller@phillips.com,Hairdresser
zsilva@smith-washington.com,Patrol Officer
andrew26@tran-stanton.net,Mathematician
millerpamela@gmail.com,Childcare worker
meyerangela@hall.com,Librarian
heatherandersen@gmail.com,Civil Engineer
gcummings@hotmail.com,Desktop publisher
johnnymiller@nguyen.com,Customer Service Representative
angelamann@harvey.com,Web Developer
christopher73@yahoo.com,Patrol Officer
glambert@hotmail.com,Loan Officer
rodneyhenderson@mercado.com,Market Research Analyst
crystalscott@hotmail.com,Insurance Agent
kingnicholas@le.net,Computer Support Specialist
ybaker@gmail.com,Accountant
mgarcia@yahoo.com,Writer
murphyalicia@hotmail.com,Judge
mclayton@gmail.com,Landscape Architect
omartinez@lara.org,Interpreter & Translator
loganrobertson@hotmail.com,Anthropologist
christophercarson@walsh-henson.com,Fitness Trainer
karen96@johnson.com,Veterinarian
qbrown@gibbs-robinson.com,Desktop publisher
lisa44@yahoo.com,Budget analyst
marythomas@hotmail.com,Database administrator
pamela11@davenport-garcia.com,Chef
toni54@hammond.com,Hairdresser
pam96@gmail.com,Actor
smithcaitlin@callahan-moore.com,Housekeeper
rrodriguez@obrien-young.com,Telemarketer
perryjohn@gmail.com,Artist
aanthony@gmail.com,School Counselor
lisa45@white.biz,Occupational Therapist
simmonsashley@walker.biz,Teacher Assistant
clopez@durham.com,Accountant
davidwilson@wilson.info,Human Resources Assistant
laura95@hotmail.com,Computer Programmer
emily37@miller.com,Recreational Therapist
martinezkim@hotmail.com,Art Director
christopher72@johnson.com,Receptionist
william50@petersen.org,Historian
robert46@gmail.com,Speech-Language Pathologist
jeremiahzamora@bass-hicks.com,Reporter
melindabailey@hotmail.com,Art Director
ipittman@york.com,Librarian
taylorjoshua@yoder-montoya.com,Urban Planner
vwilkinson@martin.com,Mathematician
robert85@smith.biz,Police Officer
arnoldteresa@yahoo.com,Mechanical Engineer
molly77@miles-ayala.biz,Occupational Therapist
parsonsbarry@scott.com,Psychologist
xweaver@wilson.info,Computer Programmer
dawn33@hotmail.com,Editor
phillipslaura@hodges-anderson.com,Compliance Officer
wilsonjonathan@wallace-garcia.info,Dentist
awood@lang.com,Farmer
pwhite@gmail.com,Cashier
william17@yahoo.com,Writer