First Name,Last Name,Email
Schwartz,Robert,pamela11@davenport-garcia.com
Osborne,Leah,christophertyler@mccall-ellis.biz
Terry,Benjamin,nelsonsteven@arnold.com
Jones,Elizabeth,hannah16@gmail.com
Roman,Christine,joshua10@brennan.com
French,Theresa,gdrake@gibson.org
Clark,Jeffrey,fisherdakota@hall.com
Bush,Chelsea,nwilliams@smith.com
Bailey,Dale,dflowers@strong.biz
Ortiz,Kaitlyn,crystalscott@hotmail.com
Hill,Christina,montoyaashley@mejia.com
Ortiz,Joseph,christopherwhitney@hotmail.com
Santos,Alexandria,sean35@avila-nguyen.com
Buck,Mary,regina08@kane.com
Kirk,Anthony,aaroncummings@gmail.com
Johnson,John,sharpkim@payne-carter.com
Fernandez,James,rachelturner@buchanan-marshall.com
Wheeler,Lawrence,morgan47@torres-cook.com
Butler,James,parkrebekah@thomas-smith.net
Vaughan,David,wchambers@gordon-sanders.org
Smith,Michael,katiesantana@griffith.com
Johnson,Jesse,marciawilson@fox.com
Ross,Lisa,esmith@gmail.com
Collins,Jeffrey,patrickcurry@lopez.org
Walter,Michael,walshmelanie@chavez.biz
Flores,Kathryn,jennifermarsh@christensen.com
Brady,Michael,andrew26@tran-stanton.net
Smith,Brandi,lhayes@yahoo.com
Davila,John,zgraham@gibson.biz
Carter,George,jameswaters@gmail.com
Casey,Kimberly,lynchrebecca@lowe.org
Jennings,Alan,hendersoncharles@yahoo.com
Good,Michael,milesryan@morris.info
Hart,Nicholas,ashley91@gmail.com
Allen,Nicole,oscarcampbell@cooper.net
Mendoza,David,christophercarson@walsh-henson.com
Butler,Bradley,gcummings@hotmail.com
Larson,Erik,djohnson@yahoo.com
Clay,Bryan,katieyoung@gmail.com
Tran,Amber,julie85@schaefer.info
Klein,Casey,rrodriguez@obrien-young.com
Smith,Katherine,michael42@scott.com
Foley,Pamela,rmoore@cooper-kemp.com
Anderson,Tammy,mcdonaldtina@anderson.com
Gonzalez,Stephen,estradacarol@hotmail.com
Payne,Karen,christopher73@yahoo.com
Wright,Angela,martinezkim@hotmail.com
Ware,Kimberly,poolehaley@frederick.com
Smith,Joseph,zlyons@nguyen-lopez.net
Chase,Timothy,davidcruz@yahoo.com
Sellers,Juan,heatherhall@hotmail.com
Smith,Stephanie,murphyalicia@hotmail.com
Lynch,Richard,joshuagarcia@yahoo.com
Cox,Vincent,sara17@johnson.com
Watkins,Kimberly,zachary47@gmail.com
Williams,Edward,hannah38@yahoo.com
Rodriguez,Jennifer,parkerkatie@yahoo.com
Fitzgerald,Emily,maria38@hotmail.com
Rosario,David,mitchelldustin@austin.com
Herrera,Maria,wfrazier@gmail.com
Jones,Frances,timothylandry@bowman.info
Thompson,Maria,christopherthompson@myers-flores.biz
Mann,Donna,simsjeremiah@gmail.com
Andrade,Lindsey,jwillis@bonilla.com
Wong,Dominic,christopher72@johnson.com
Wilson,Richard,simpsonjennifer@dougherty.info
Castillo,Douglas,amanda47@peterson.com
Herring,Darlene,carrhayley@robinson-sweeney.net
Jones,Donald,robert85@smith.biz
Chandler,Stephanie,powellmatthew@taylor.com
Edwards,Benjamin,cherrybrandon@davis-hill.org
Williams,Angelica,matthew87@hotmail.com
Martinez,Peter,zgonzales@huang-pearson.com
Mclaughlin,Nicole,nmedina@hall-summers.biz
Jones,Jennifer,andersonsummer@joseph.com
Lopez,James,ldiaz@hotmail.com
Young,Hannah,shawnmoore@fuentes.com
Mendoza,Russell,goodmancourtney@hotmail.com
Morris,Christopher,fosterjohn@hotmail.com
Maxwell,William,francisjessica@hotmail.com
Mcbride,Brian,kklein@hotmail.com
Martin,Joseph,noah98@taylor-odonnell.com
Perez,George,bkennedy@gmail.com
Silva,Marissa,annettelynch@gmail.com
Clark,Melanie,erin49@gmail.com
Wilkinson,Kristine,devin50@anderson-marks.org
Hicks,Matthew,hallpaul@gmail.com
Crawford,Cynthia,singletonpamela@hotmail.com
Ortiz,Sarah,simpsontonya@livingston.com
Rollins,Justin,parsonsbarry@scott.com
Jones,Brooke,dsanders@gmail.com
Ferguson,Kathleen,timothynovak@hotmail.com
Ferguson,Adam,catherine24@hotmail.com
Gonzalez,Andrea,hernandezlisa@gmail.com
Spencer,Bradley,erikabrown@gmail.com
Hodges,Stephanie,zcarpenter@yahoo.com
Brown,Samantha,shannon38@hotmail.com
Brock,David,reeddaniel@robertson.biz
Castro,Erica,sarahmiller@hill-rivers.info
Riley,Marcia,ericgaines@yahoo.com
Michael,Brett,julie99@james-delgado.com
Lester,Amanda,newmanchristina@hudson.com
Camacho,Pamela,pamelawilliams@gmail.com
Arnold,Jennifer,jenningsmaria@myers.com
Stephens,Gary,palmermary@zamora.info
Huffman,Jessica,qandrews@hotmail.com
Brown,Eric,wilsonchristina@yahoo.com
Payne,Jesse,jstevens@gmail.com
Schmidt,Elizabeth,jamesmcmillan@miller.org
Elliott,Bradley,huntershirley@hotmail.com
Schultz,Sabrina,aliciatodd@mcgee-booth.com
Burke,Joseph,ramirezchristine@gmail.com
Hensley,Wendy,fwolf@yahoo.com
Simpson,Marie,debbie45@hotmail.com
Andrade,John,brian15@roberson.com
Peterson,Ruth,madison35@yahoo.com
George,Michaela,ikelley@yahoo.com
Sanchez,Douglas,mark96@price.info
Duncan,Heather,william50@petersen.org
Hill,Jodi,lewisxavier@hotmail.com
Ryan,Richard,rosemark@gmail.com
Harrington,James,paul72@ramos-robinson.com
Hines,Emily,joseph83@riley-flowers.com
Gordon,Christian,makayla81@dean-bailey.com
Lee,Lisa,jkeith@hotmail.com
Baker,Kristine,jonathan37@kelley-peters.com
Juarez,Tammy,james11@gmail.com
Santos,Heidi,alexis76@yahoo.com
Gay,Heather,kristenbuck@hotmail.com
Pratt,Bonnie,bphillips@wright-gonzales.com
Hopkins,Henry,andrew55@smith.com
Humphrey,Michael,anthony24@yahoo.com
Clark,Thomas,dhardy@smith-harper.net
Coleman,David,daviskrista@gmail.com
Ballard,Max,jenniferlewis@cunningham.com
Schultz,William,clarson@gmail.com
Castro,Francisco,brandonwilliams@gmail.com
Miller,Lindsey,rebeccamiller@phillips.com
Snow,Trevor,katherine04@gmail.com
Santos,Lisa,pattersonadam@gmail.com
Burch,Douglas,sguzman@hotmail.com
Gentry,Annette,jacksherman@hotmail.com
Frazier,Jason,travislaura@sutton.com
Walls,Melissa,christopher09@yahoo.com
Jones,Charles,allenmelissa@king-gray.com
Chavez,Kelli,buckmichael@hotmail.com
Key,Lindsey,rgarrison@hotmail.com
Jackson,Daniel,masseyangela@gmail.com
Jones,Sarah,smithdaniel@johnston.info
Savage,Edward,duranmichael@leonard-moran.info
Lee,Matthew,mmays@sandoval.org
Harrington,Shaun,charles50@yahoo.com
Hawkins,Jennifer,jeremiahzamora@bass-hicks.com
Lopez,Steven,freemankathleen@hansen-hall.com
Howard,Beth,lynchjacqueline@wagner-tate.com
Robertson,Morgan,monica53@johnson.com
Green,Keith,lovejeffrey@hotmail.com
Cole,Derek,scottthompson@yahoo.com
Walker,Michael,johnnymiller@nguyen.com
Gould,Robert,floresjessica@yahoo.com
Robinson,Sharon,clopez@durham.com
Murray,Matthew,barbara02@gmail.com
Krause,Danielle,markshepherd@patton.com
Thomas,Allison,saustin@mcintosh-ford.org
Morrison,Robert,heatherpowell@hall.org
Myers,Catherine,dwilson@perez.info
Mcfarland,Heather,lewisrichard@fuller-montes.info
Simpson,Elizabeth,vcarter@scott.com
Roberts,Suzanne,petersonsamantha@brown.com
Jenkins,Lucas,michele30@yahoo.com
Johnson,Marie,millerpamela@gmail.com
Riggs,Eric,erichall@hotmail.com
Howell,Dale,dawn26@gmail.com
Branch,Patricia,reidalexander@gonzales.com
Buchanan,Jimmy,charles49@gmail.com
Marshall,Danielle,jeffrey99@hotmail.com
Nolan,Jessica,ygonzalez@white.com
Moore,John,lisa52@yahoo.com
Rosario,Courtney,rebecca02@yahoo.com
Boyd,Terri,coopermargaret@gmail.com
Blackburn,Eric,shelly50@hotmail.com
Fowler,Jennifer,roblesautumn@gmail.com
Ruiz,Sandra,cheryl03@gmail.com
Smith,Maria,lisa90@morris.com
Murphy,Alexis,steeleelizabeth@yahoo.com
Ortiz,Jason,murphyallison@yahoo.com
Spencer,Bill,marythomas@hotmail.com
Mccoy,George,aanthony@gmail.com
Taylor,Matthew,jasonanderson@roberts.org
Weaver,Debra,joenoble@gmail.com
Sanchez,Harry,zoneal@yahoo.com
Morgan,Allison,schroederallison@hotmail.com
Gross,Jessica,zrocha@hotmail.com
Krause,Dennis,krystallopez@gmail.com
Baker,Janice,teresa83@yahoo.com
Robinson,Julia,glambert@hotmail.com
Warren,Christopher,nathanielherring@hotmail.com
Lloyd,Pamela,fmckinney@white-nelson.org
Hall,Carl,cookricardo@gmail.com
Lyons,Nicole,iford@gmail.com
Burke,Susan,wtucker@trevino.com
Weiss,Crystal,richardhenson@perez.info
Nicholson,Matthew,qduran@fletcher.com
Smith,Yolanda,davidwilson@wilson.info
Ferguson,Marissa,xwilson@gmail.com
Freeman,Patricia,boylelisa@gmail.com
Thomas,Phillip,awood@lang.com
Carroll,Paul,michael62@moore.biz
Harper,Dawn,meyerangela@hall.com
Hill,Patricia,loganrobertson@hotmail.com
Floyd,Curtis,stephen52@hotmail.com
Park,John,jessica15@yahoo.com
Moore,Paige,oliviaadams@yahoo.com
Smith,Micheal,kryan@yahoo.com
Brady,Ashley,kayla91@chen-monroe.com
Barnes,Philip,porterbecky@martinez.info
Lee,Robert,laurie74@green.com
Trevino,Timothy,micheal92@yahoo.com
Gordon,Nicole,dhicks@hotmail.com
Flores,Steven,joshuarowland@hotmail.com
Jones,David,clarkmichele@delacruz.com
Simon,Kristen,edwinpeck@hotmail.com
Morris,Stephen,daymorgan@diaz.com
Salinas,Kurt,philipfreeman@yahoo.com
Willis,Alyssa,jasonjensen@golden.com
Chang,Jeffrey,qwong@huber.biz
Rice,Samuel,molly77@miles-ayala.biz
Sampson,Dustin,tjuarez@gmail.com
Hernandez,Erica,ggalloway@hotmail.com
Cohen,Debra,rodriguezmichael@gmail.com
Jones,Scott,lowejacqueline@walsh.org
Duarte,Heather,reeddiane@foster.com
James,Katherine,angelasmith@compton-davis.com
Gardner,Patrick,toni54@hammond.com
Rodriguez,Michael,sarahbooth@morrison.org
Boyd,Olivia,patrickwaller@pena.info
Crosby,Destiny,wgarner@yahoo.com
Fowler,Jose,jessicascott@hotmail.com
Petty,Corey,rachaelkennedy@west.info
Lewis,Kathryn,yrobinson@lee.com
Simpson,Taylor,stacey37@berger.info
Sanchez,James,tammy02@gmail.com
Hurst,Mackenzie,amandahardin@yahoo.com
Good,Jason,qsharp@hotmail.com
Coleman,John,kenneth71@mckenzie-green.com
Weber,Timothy,simmonsashley@walker.biz
Moore,Christopher,mcarlson@richmond-mills.com
Davis,Glen,flynnbrandon@hotmail.com
Cervantes,Wanda,cooperlouis@hotmail.com
Rice,Patricia,jenkinsnatalie@hotmail.com
Baldwin,Cassandra,robert65@castillo-cabrera.biz
Johnson,Andrew,vsanchez@yahoo.com
Williams,Pamela,gutierrezthomas@gmail.com
Ellis,Joshua,ashleyhill@gmail.com
Snyder,Richard,john71@doyle.com
Mitchell,Jennifer,nicholemorton@gibbs.com
Flores,Derek,weberjames@hotmail.com
Morgan,Joshua,jeff36@gmail.com
Buck,Tyler,djohnson@burns-allison.com
Jordan,Andre,edavis@mcguire.biz
Wade,Angela,kimberlywells@carroll-martin.com
Garcia,Robert,jamesvasquez@hotmail.com
Jenkins,Stephen,phillipswilliam@thomas-parker.com
Sosa,Melanie,christiancantu@bentley-osborne.org
Martinez,Dawn,christine04@hotmail.com
Stanley,Alan,kimberly94@rowe.net
Gray,Brent,parkerjessica@curry.com
Richmond,Christopher,smithcaitlin@callahan-moore.com
Martin,Reginald,jacksontimothy@yahoo.com
Rivas,Cody,fishergregory@blankenship-mccarty.com
Hutchinson,Robin,david05@gmail.com
Collins,Tonya,yhamilton@vaughn.com
Steele,Gregory,linda63@barry.com
Brown,Brooke,kevinlewis@yahoo.com
Jacobs,Joshua,sreyes@gmail.com
Houston,Kelsey,ipittman@york.com
Blair,Randy,icannon@cooper-hall.info
Krueger,David,pharris@yahoo.com
Smith,Eric,sean87@hotmail.com
Phillips,Stephanie,jrodriguez@yahoo.com
Jackson,Joe,smithbenjamin@gmail.com
Solomon,Vincent,eugenefleming@fitzpatrick.com
Jensen,Mark,ricepaula@hotmail.com
Miller,Heather,andrew72@hotmail.com
Bolton,Joshua,gregory46@gmail.com
Stone,Peter,robinsonkelly@patton-hoffman.info
Lopez,Martha,laura95@hotmail.com
Bell,Anthony,wilsonjonathan@wallace-garcia.info
Cherry,Tracy,petersenevelyn@estrada.biz
Mckinney,Stacey,zcampbell@gmail.com
Elliott,Robert,stewarttimothy@hotmail.com
Herrera,Chad,browncolleen@yahoo.com
Huber,Jose,galvarado@kane.biz
Huang,Angela,robertandrews@yahoo.com
Woodard,Andrea,susanortiz@gibson.com
Barber,Paul,hdean@kelly-snyder.biz
Fox,John,rbowman@yahoo.com
Weber,Rachel,vwilkinson@martin.com
Garza,Brandon,eallen@hotmail.com
Hughes,Michael,posborn@hotmail.com
Bell,Stefanie,claytonmelinda@scott-holden.info
Sutton,Amy,mgarcia@yahoo.com
Horton,Jamie,jaimemcdonald@mcmillan.org
Ford,Robert,spencerleslie@navarro.net
Caldwell,Dawn,christopherrios@yahoo.com
Johnson,Stephen,john28@hobbs-murray.com
Smith,Rodney,angelamann@harvey.com
Richardson,Jeremiah,mcintoshalice@french.biz
Miller,Ethan,robert83@hotmail.com
Robbins,Mary,laura52@yahoo.com
Jones,Jamie,jaime64@clarke.net
Coleman,Stephanie,adamstimothy@gmail.com
Gonzalez,Nicole,melissa21@gmail.com
Hensley,Justin,nicole18@gmail.com
Anderson,Gloria,wilsonchristopher@stone-smith.com
Sherman,Diana,jburgess@hotmail.com
Mann,Joshua,elijah33@medina-larson.com
Andrews,Kristen,lisa45@white.biz
Johnson,Rose,vlyons@hotmail.com
Hill,Patrick,andreacalhoun@reilly.org
Bennett,Shirley,aliciafoster@yahoo.com
Miller,Denise,cnewton@hotmail.com
Flores,John,vaughansusan@walters-conway.net
Phillips,Sergio,jburke@gmail.com
Wilson,Michael,mcneilkevin@brown.com
Henderson,Nicholas,aliciahicks@gmail.com
Hampton,Brett,pettybrandi@yahoo.com
Scott,Robert,tiffanyreyes@yahoo.com
Miller,Christopher,kbrown@hotmail.com
Miller,Jose,arthurberg@keller.org
Berry,Claudia,rodriguezcarol@hotmail.com
Bright,Zoe,davisalexander@yahoo.com
Bond,Cristian,ubailey@garcia.com
Thompson,Emily,petersonerin@davidson.net
Warren,Jeffrey,weaversarah@hotmail.com
Charles,Janet,steven20@gmail.com
Lester,Alexander,dawnbooker@harris.com
Holmes,Jesus,codynelson@hotmail.com
Jordan,Michael,csmith@wise.com
Clark,Jorge,zgarner@sanchez-rodriguez.com
Moore,Kevin,chad63@perkins.com
Matthews,Nancy,jonathanshepherd@lowe-johnson.com
Curtis,Kimberly,owilliams@schwartz-brown.com
King,Toni,lisa44@yahoo.com
Ross,David,williamsjill@gmail.com
Bauer,Kevin,curryalexander@evans.info
Ross,Kimberly,taylorjoshua@yoder-montoya.com
Burgess,Sharon,xabbott@clarke.com
Oliver,Dennis,pam96@gmail.com
Ross,Kathryn,jennifer93@yahoo.com
Anderson,Stephanie,ashleywilliams@larson.com
Powell,Mitchell,csmith@yahoo.com
Hull,Nathan,llee@hotmail.com
Hughes,Ronald,timothyavila@hotmail.com
Moore,Crystal,williamsjeremiah@hotmail.com
Gonzalez,Christopher,ssanders@morris.info
Wilson,Rachel,youngfranklin@gmail.com
Thompson,Lori,elizabethhernandez@lowe-scott.info
Rodriguez,Diana,pthompson@hotmail.com
Lane,Elizabeth,qlane@gmail.com
Herrera,Teresa,davidbrown@banks.com
Suarez,Michael,ssmith@gmail.com
Smith,Lindsey,samuelharris@hotmail.com
Davis,Kenneth,jsalas@martinez-hudson.com
Webb,Omar,kwilson@moss.com
Freeman,John,lindsay00@dixon.org
Weaver,Aimee,dawn33@hotmail.com
Jones,Patrick,brownkathy@sanchez-moran.com
Holmes,Keith,melissa64@yahoo.com
Bauer,John,leroysalas@hotmail.com
Collins,Adam,christina35@glover-carrillo.com
Anderson,Abigail,martingeorge@hotmail.com
Ward,Madison,arnoldteresa@yahoo.com
Vega,Brian,rebeccahernandez@hotmail.com
Anthony,Richard,zhall@gmail.com
Taylor,Michele,troyowens@gmail.com
Frank,Megan,charlesjackson@hotmail.com
Walker,Lisa,christopher98@hotmail.com
Blankenship,Ricardo,perickson@bell-lynch.net
Walker,Michael,nancy03@hotmail.com
Lewis,Elizabeth,howardjennifer@harper.biz
Gomez,Madison,dannycole@hotmail.com
Howard,Pamela,matthew43@yahoo.com
Valdez,David,kevin35@gmail.com
Snyder,Jaime,afuentes@hotmail.com
Kaiser,Logan,harveybryan@rodgers.com
Williams,Jasmine,haydensoto@hotmail.com
Stanley,Laurie,anthonymiller@johnson.com
Taylor,Jason,charlesbrown@hall.com
Wolf,Melinda,fsilva@allison.com
Clark,Paul,william17@yahoo.com
Wolf,Lindsay,tammy08@hotmail.com
Smith,Julia,zsilva@smith-washington.com
Terry,Ann,gillespiemark@hotmail.com
Peters,Alyssa,robert46@gmail.com
Thomas,Heather,tuckerjane@suarez.com
Henderson,Adam,fbrown@yahoo.com
Baker,Carrie,katrina10@lucas.com
Perry,Tammy,jamesgonzales@cochran.com
Dennis,Sharon,wrightamy@yahoo.com
Hobbs,Richard,qbrown@gibbs-robinson.com
Walker,Stephanie,dukejesse@hotmail.com
Johnson,Cynthia,meltoncassandra@shaffer-lam.com
Oconnor,Seth,mclayton@gmail.com
Bryan,Tammy,beverlymyers@yahoo.com
Kramer,Christian,erica00@hotmail.com
Griffin,Lisa,rodneyhenderson@mercado.com
Clarke,David,kingnicholas@le.net
Harper,Gabriel,christopher65@gmail.com
Taylor,Shane,iclark@love.com
Acevedo,Andrew,joneschristina@hotmail.com
Combs,Dennis,codyconley@allen.com
Williams,Joseph,kathleenparks@gmail.com
Fox,Richard,rachel71@hotmail.com
Powell,Teresa,dean86@garcia-miller.com
Rice,Roberta,smithmichael@miller-newman.net
Meyer,Anthony,davidhowell@gmail.com
Rodriguez,Erica,srodriguez@hotmail.com
Salas,Stephanie,stevenflores@yahoo.com
Krueger,Sharon,omartinez@lara.org
King,Timothy,sanderscindy@hotmail.com
Nichols,Daniel,moralesbryan@brown.com
Hill,Andrea,jill79@conner-caldwell.org
Jenkins,William,melindabailey@hotmail.com
Carter,Stephanie,nelsonwalter@wells.biz
Wiley,Mary,moorecheyenne@lopez.biz
Jenkins,Karen,kwalsh@castro.org
Harris,Lisa,phillipslaura@hodges-anderson.com
Reid,Larry,joshua61@ponce-sullivan.com
Gardner,Krystal,kristi49@nelson-rodriguez.biz
Ho,Anthony,bflores@ochoa.com
James,Susan,watsonjessica@parks.com
Robertson,Douglas,tricia13@gmail.com
Martinez,Brandon,ashley31@yahoo.com
Hernandez,Melissa,perryjohn@gmail.com
Salinas,Anthony,wilcoxlinda@reynolds.org
Hamilton,Renee,marie02@hotmail.com
Jenkins,Terry,amy85@hotmail.com
Carr,Walter,jacksonamber@hotmail.com
Guerra,Dennis,petersdevin@williams.com
Harding,Mark,mercerkristie@gmail.com
White,Dennis,ginahumphrey@willis-sims.net
Barnes,Hannah,ybaker@gmail.com
Clark,Christopher,bensonrebecca@yahoo.com
Eaton,Nicole,jennifer12@yu-thomas.biz
Maddox,Gregory,wrightamy@cole.com
Dillon,Carlos,amy97@gmail.com
Tyler,Jason,emily37@miller.com
Coffey,Barbara,terri90@hotmail.com
Fuentes,Barry,nicholsonronald@jackson.biz
Hunt,Melissa,brandon18@stokes.info
Page,Anthony,valenciapaul@gmail.com
Patel,Angela,nancy39@watkins-ramirez.net
Guzman,Tony,vcole@hotmail.com
Dean,Michelle,brownnatasha@hotmail.com
Cohen,Christopher,veronica74@lee.org
Stewart,Walter,zschneider@davis.com
Randall,Christy,christine58@wilson.com
Wheeler,Melissa,mcculloughgabrielle@yahoo.com
Robinson,Lisa,andrew18@arnold.info
Miller,Michele,gaykaren@collins-peterson.com
Cisneros,Deanna,karen96@johnson.com
Hamilton,Stephen,gutierrezmatthew@hotmail.com
Henderson,Lori,jmartinez@hotmail.com
Gray,Jacob,vhall@harris.org
Park,Priscilla,davisbrian@hotmail.com
Greer,Gregory,ryanjames@yahoo.com
Roberts,John,heatherandersen@gmail.com
Graham,Lisa,melody83@hotmail.com
Johnson,Sarah,vrivera@knight.org
Grant,Linda,lynchbrittany@higgins-flores.com
Scott,Gregory,jermaine57@stewart.org
Miles,Megan,gwilliams@mccormick.com
Clarke,Justin,acampbell@webb-moore.org
Beard,Jamie,fcolon@sanchez.info
Lee,Krista,josephpotter@williams.com
Walker,William,xweaver@wilson.info
Miller,Robert,jordansusan@hotmail.com
Bates,Michael,dennischapman@flowers.com
Mack,Alicia,pwhite@gmail.com
Sims,Stacey,veronicaavila@thomas-myers.com
Davis,Caleb,gdrake@mitchell-perez.net
Wilson,Amanda,fwhite@long.com
Harris,Amanda,wardjonathan@padilla.com
Torres,Jennifer,melindahoward@gmail.com
Salinas,Timothy,allisoncarter@gmail.com
Lee,David,kphelps@warren.info
Hickman,Lisa,ilopez@lozano.com
Russell,Michelle,halexander@lopez-todd.com
Miranda,Edward,paceian@king-ryan.com
Brown,Jorge,gary97@armstrong.com
Davis,Richard,robertbaker@woods.com
Montgomery,Shannon,greentiffany@hotmail.com
Gardner,Michael,iwolfe@gmail.com
Smith,Kristen,doylejessica@hotmail.com
Love,Michelle,kingtiffany@hotmail.com
Davis,Dustin,amandaweiss@gmail.com
Vasquez,Danny,jonathan29@gmail.com
Green,Joseph,phernandez@lee.com
Taylor,Felicia,vayala@gmail.com